Code,Correction value,Number
YOBG66UM,-0.7631194089025598,124
YONBG99,1.106959206723376,8
YOBG65TI,-0.12928681746407936,230
YOBG80P,1.6120186435814412,14
GOMOMONE,1.3566900792410581,28
YOBGAS,-0.5947354161406082,2
YONBG95,0.07774413792756896,8
YOBGABM-YOBGABC,-1.1368683772161603e-13,2
YOBG66F,-0.11927577513825582,2
GOGT5,2.5305862239244608,22
YONBG98,0.020363535746737327,8
YOBGXB63,-0.039109047619220405,2
