Code,Correction value,Number
YOBG66UM,-0.6343710662169435,162
YONBG99,1.3209782864166844,8
YOBG65TI,-0.1252250741432408,256
YOBG80P,1.6671388449350448,14
GOMOMONE,1.4619036078924594,28
YOBGAS,-0.3852526518559216,2
YONBG95,0.10972857066722952,8
YOBGABM-YOBGABC,-2.2026824808563106e-13,2
YOBG66F,0.003633251564941986,2
GOGT5,2.6655427543370696,22
YONBG98,0.1219409235611657,8
YOBGXB63,0.12630140881231,2
