Code,Correction value,Number
YOBG66UM,-0.8392030091557796,98
YONBG99,1.0626610270942862,8
YOBG65TI,-0.12451221748207192,208
YOBG80P,1.5320059159124395,14
GOMOMONE,1.4180334706996058,18
YOBGAS,-0.6805966950998936,2
YONBG95,-0.039800685994769935,8
YOBGABM-YOBGABC,-1.0658141036401503e-13,2
YOBG66F,-0.14397884925526938,2
GOGT5,2.417566746985297,22
YONBG98,0.24125846072995452,6
