Code,Correction value,Number
YOBG66UM,-0.7254285212144298,136
YONBG99,1.1023740152993344,8
YOBG65TI,-0.12277680794187149,246
YOBG80P,1.6398618016723816,14
GOMOMONE,1.4169031215743182,28
YOBGAS,-0.48076862108658247,2
YONBG95,0.09187901121074127,8
YOBGABM-YOBGABC,-1.6342482922482304e-13,2
YOBG66F,-0.05240542967232642,2
GOGT5,2.592493218217771,22
YONBG98,0.07586387820289708,8
YOBGXB63,0.05029153716140655,2
