Code,Correction value,Number
YOBG66UM,-0.9314187776737816,74
YONBG99,1.186972917539567,8
YOBG65TI,-0.14855610529292193,154
YOBG80P,1.462610940268829,12
GOMOMONE,1.54395066256733,14
YOBGAS,-0.688522574574435,2
YONBG95,-0.1405173336645973,6
YOBGABM-YOBGABC,-3.552713678800501e-14,2
YOBG66F,-0.03918977224009268,2
GOGT5,2.2719367279547447,20
