Code,Correction value,Number
YOBG66UM,-0.911621263473034,90
YONBG99,1.117029406027509,8
YOBG65TI,-0.1268791831610605,192
YOBG80P,1.4612881526087769,12
GOMOMONE,1.5452059923778252,18
YOBGAS,-0.6981529890565241,2
YONBG95,-0.028774729189978032,8
YOBGABM-YOBGABC,-7.815970093361102e-14,2
YOBG66F,-0.10486211677387303,2
GOGT5,2.408317412533863,22
YONBG98,0.48728045329192327,2
