Code,Correction value,Number
YOBG66UM,-0.5711462752854014,182
YONBG99,1.276618655880311,8
YOBG65TI,-0.10206992546121062,306
YOBG80P,1.6227004522689106,14
GOMOMONE,1.5049058586544872,28
YOBGAS,-0.3040766773226551,2
YONBG95,0.05525076370485919,10
YOBGABM-YOBGABC,-2.8421709430404007e-13,2
YOBG66F,0.027087839264915203,2
GOGT5,2.668293955025075,22
YONBG98,0.13364864013281874,8
YOBGXB63,0.17185678961288176,2
