Code,Correction value,Number
YOBG66UM,-0.8914113913431443,88
YONBG99,1.099487769651045,8
YOBG65TI,-0.12154986877122285,186
YOBG80P,1.437458886565788,12
GOMOMONE,1.4841109972923112,16
YOBGAS,-0.6734880228156825,2
YONBG95,-0.17195230268085263,6
YOBGABM-YOBGABC,-7.815970093361102e-14,2
YOBG66F,-0.07161946718023415,2
GOGT5,2.394581706177132,22
YONBG98,0.5512122685666156,2
