Code,Correction value,Number
YOBG66UM,-0.9235024210528912,88
YONBG99,1.1205414651615193,8
YOBG65TI,-0.12827605278183532,190
YOBG80P,1.456057222059408,12
GOMOMONE,1.5374555895942086,18
YOBGAS,-0.7379035630943775,2
YONBG95,-0.029512858553463417,8
YOBGABM-YOBGABC,-7.105427357601002e-14,2
YOBG66F,-0.12256171742146194,2
GOGT5,2.387846904195308,22
YONBG98,0.4769228098232503,2
