Code,Correction value,Number
YOBG66UM,-0.602730842710738,172
YONBG99,1.2966105771574465,8
YOBG65TI,-0.10840453084529325,292
YOBG80P,1.645388321717663,14
GOMOMONE,1.476092294849794,28
YOBGAS,-0.320245783232707,2
YONBG95,0.08529127588089266,10
YOBGABM-YOBGABC,-2.8421709430404007e-13,2
YOBG66F,0.02210552404420696,2
GOGT5,2.680011486469158,22
YONBG98,0.12936003173807542,8
YOBGXB63,0.16657868957648247,2
