Code,Correction value,Number
YOBG66UM,-0.8386583372538224,98
YONBG99,1.0652296758659467,8
YOBG65TI,-0.12763043606594385,204
YOBG80P,1.5388207949455424,14
GOMOMONE,1.4387632036904183,18
YOBGAS,-0.6922217188443014,2
YONBG95,-0.03391562835650852,8
YOBGABM-YOBGABC,-1.0658141036401503e-13,2
YOBG66F,-0.1396960504944289,2
GOGT5,2.412827723146998,22
YONBG98,0.27875261550098074,4
