Code,Correction value,Number
YOBG66UM,-0.8068206764072304,106
YONBG99,1.0682472522310196,8
YOBG65TI,-0.12438087216128191,214
YOBG80P,1.5506190148155667,14
GOMOMONE,1.392498460424632,20
YOBGAS,-0.620708600842562,2
YONBG95,-0.015477951291178016,8
YOBGABM-YOBGABC,-1.3500311979441904e-13,2
YOBG66F,-0.1251656542243751,2
GOGT5,2.4633717310652306,22
YONBG98,0.2428798241521406,6
