Code,Correction value,Number
YOBG66UM,-0.5193631818682443,200
YONBG99,1.2529535181988471,8
YOBG65TI,-0.09057923858201017,348
YOBG80P,1.589664123900503,14
GOMOMONE,1.5149158448164717,28
YOBGAS,-0.2839473615754855,2
YONBG95,0.11983388591663531,12
YOBGABM-YOBGABC,-3.481659405224491e-13,2
YOBG66F,0.024433338428188733,2
GOGT5,2.655036118264448,22
YONBG98,0.12674823463160223,8
YOBGXB63,0.17694140066434016,2
