Code,Correction value,Number
YOBG66UM,-0.9224551481760644,84
YONBG99,1.1935198750649754,8
YOBG65TI,-0.13969404698912574,168
YOBG80P,1.4551460840202222,12
GOMOMONE,1.5118781444797165,16
YOBGAS,-0.745473863445909,2
YONBG95,-0.14119736563350452,6
YOBGABM-YOBGABC,-4.263256414560601e-14,2
YOBG66F,-0.08073176792884595,2
GOGT5,2.3752029762303795,22
