Code,Correction value,Number
YOBG66UM,-0.7363816938444895,132
YONBG99,1.100845592636631,8
YOBG65TI,-0.12351595421875493,242
YOBG80P,1.6246781740671332,14
GOMOMONE,1.393080402102207,28
YOBGAS,-0.5116687556706125,2
YONBG95,0.07969138977312085,8
YOBGABM-YOBGABC,-1.7053025658242404e-13,2
YOBG66F,-0.07545607056955816,2
GOGT5,2.5721479569757664,22
YONBG98,0.05455965237055693,8
YOBGXB63,0.023860166655467197,2
