Code,Correction value
YOBG66UM,-0.8079891282127766
YONBG99,1.2463381898187862
YOBG65TI,-0.17422134090548813
YOBG80P,1.5266104652508155
GOMOMONE,1.5596054542966904
YOBGAS,-0.4348276178324113
YONBG95,-0.345814189868733
YOBG66F,0.08475160994586872
GOGT5,2.3086931840364437
