Code,Correction value,Number
YOBG66UM,-0.5237759064806655,198
YONBG99,1.2608658985494685,8
YOBG65TI,-0.09554657215135774,332
YOBG80P,1.5959052416965795,14
GOMOMONE,1.5112072259619072,28
YOBGAS,-0.2991713800235516,2
YONBG95,0.12901823932648546,12
YOBGABM-YOBGABC,-3.410605131648481e-13,2
YOBG66F,0.02043423438628622,2
GOGT5,2.652564994456279,22
YONBG98,0.12535667374548076,8
YOBGXB63,0.1678303447407643,2
