Code,Correction value,Number
YOBG66UM,-0.6626272938160551,152
YONBG99,1.0981478108847824,8
YOBG65TI,-0.12240310485956347,248
YOBG80P,1.6510678090799291,14
GOMOMONE,1.4463154718434212,28
YOBGAS,-0.4162714091068125,2
YONBG95,0.09493264182859562,8
YOBGABM-YOBGABC,-2.4158453015843406e-13,2
YOBG66F,-0.017547591271430463,2
GOGT5,2.6254380863951923,22
YONBG98,0.10346701176527517,8
YOBGXB63,0.09957825530176478,2
