Code,Correction value
YOBG66UM,-0.948163001752794
YONBG99,1.1793630376210782
YOBG65TI,-0.16126140048986284
YOBG80P,1.4566604987852958
GOMOMONE,1.5276092191340236
YOBGAS,-0.6628685458263703
YONBG95,-0.3605322392587915
YOBG66F,-0.026334676561447168
GOGT5,2.2777416137075464
