Code,Correction value,Number
YOBG66UM,-0.8453700848062667,96
YONBG99,1.1280839849334559,8
YOBG65TI,-0.13928973878165504,192
YOBG80P,1.5440893934120095,14
GOMOMONE,1.4643810491059304,18
YOBGAS,-0.7884465006363257,2
YONBG95,-0.023316245917524014,8
YOBGABM-YOBGABC,-7.815970093361102e-14,2
YOBG66F,-0.16410894035281842,2
GOGT5,2.370119108914098,22
YONBG98,0.4236980847630676,2
