Code,Correction value,Number
YOBG66UM,-0.7739453442991939,122
YONBG99,1.1080183352556272,8
YOBG65TI,-0.1303190007160967,228
YOBG80P,1.6106123984661207,14
GOMOMONE,1.35557856479199,28
YOBGAS,-0.6110777311390976,2
YONBG95,0.07764599109903081,8
YOBGABM-YOBGABC,-1.3500311979441904e-13,2
YOBG66F,-0.1258390565428371,2
GOGT5,2.5220886257064525,22
YONBG98,0.016482496751191178,8
