Code,Correction value,Number
YOBG66UM,-0.7529666146476492,128
YONBG99,1.104233238042175,8
YOBG65TI,-0.12760648059817184,234
YOBG80P,1.6230516664495158,14
GOMOMONE,1.3764031474636245,28
YOBGAS,-0.5357120100575941,2
YONBG95,0.08283195027708423,8
YOBGABM-YOBGABC,-1.5631940186722204e-13,2
YOBG66F,-0.08904756659973145,2
GOGT5,2.5624194540592105,22
YONBG98,0.043131030797628256,8
YOBGXB63,0.006176543306054327,2
