Code,Correction value,Number
YOBG66UM,-0.8218303780627617,98
YONBG99,1.072201738374833,8
YOBG65TI,-0.13166372458307252,198
YOBG80P,1.532873328585614,14
GOMOMONE,1.428868583021911,18
YOBGAS,-0.7719434076572753,2
YONBG95,-0.03250673352502531,8
YOBGABM-YOBGABC,-1.1368683772161603e-13,2
YOBG66F,-0.17246485638745668,2
GOGT5,2.3726911039336454,22
YONBG98,0.4004928128652523,2
