Code,Correction value,Number
YOBG66UM,-0.6343976292908191,162
YONBG99,1.320985002358313,8
YOBG65TI,-0.12426452604279375,258
YOBG80P,1.6671762375271117,14
GOMOMONE,1.462202607309327,28
YOBGAS,-0.3854282897728112,2
YONBG95,0.10973803771287827,8
YOBGABM-YOBGABC,-2.3447910280083306e-13,2
YOBG66F,0.003667285806635334,2
GOGT5,2.6654332310213764,22
YONBG98,0.12204416214197877,8
YOBGXB63,0.12618832087678555,2
