Code,Correction value,Number
YOBG66UM,-0.8483824081734722,96
YONBG99,1.0641876346124555,8
YOBG65TI,-0.12699764447066664,204
YOBG80P,1.528873924154914,14
GOMOMONE,1.4331650136400822,18
YOBGAS,-0.7214361707485324,2
YONBG95,-0.042940712232764966,8
YOBGABM-YOBGABC,-9.947598300641403e-14,2
YOBG66F,-0.15514173542991472,2
GOGT5,2.393530658564363,22
YONBG98,0.2691328544654077,4
