Code,Correction value
YOBG66UM,-0.9484950408085264
YONBG99,1.1869906953440292
YOBG65TI,-0.16020108972356273
YOBG80P,1.4673731106608539
GOMOMONE,1.5255186960277776
YOBGAS,-0.6754736943033208
YONBG95,-0.3489004455947402
YOBG66F,-0.027581793668097987
GOGT5,2.2786543287156613
