Code,Correction value,Number
YOBG66UM,-0.5474735010647234,190
YONBG99,1.2640441252769996,8
YOBG65TI,-0.09651959854866857,320
YOBG80P,1.607831348742047,14
GOMOMONE,1.5139340567571797,28
YOBGAS,-0.2877057289319609,2
YONBG95,0.03525112603592362,10
YOBGABM-YOBGABC,-3.339550858072471e-13,2
YOBG66F,0.02969017650710981,2
GOGT5,2.6650066072451892,22
YONBG98,0.13358816904700888,8
YOBGXB63,0.1793801982956751,2
