Code,Correction value,Number
YOBG66UM,-0.9442012187008213,82
YONBG99,1.192338836217317,8
YOBG65TI,-0.14111635532643718,166
YOBG80P,1.4529462703114195,12
GOMOMONE,1.5098012416980024,16
YOBGAS,-0.7449700851054644,2
YONBG95,-0.1437880882192033,6
YOBGABM-YOBGABC,-2.842170943040401e-14,2
YOBG66F,-0.08198452943383927,2
GOGT5,2.374343948881643,22
