Code,Correction value,Number
YOBG66UM,-0.6807017748600753,148
YONBG99,1.0981801424661626,8
YOBG65TI,-0.12241790307733046,248
YOBG80P,1.6513384192276885,14
GOMOMONE,1.4464762778382985,28
YOBGAS,-0.415481987617639,2
YONBG95,0.09517583331474455,8
YOBGABM-YOBGABC,-1.8474111129762605e-13,2
YOBG66F,-0.017125001524362915,2
GOGT5,2.6259583308538184,22
YONBG98,0.1037844615275656,8
YOBGXB63,0.10021809737983745,2
