Code,Correction value,Number
YOBG66UM,-0.5348181543397607,194
YONBG99,1.2599778755289073,8
YOBG65TI,-0.09656915128848839,328
YOBG80P,1.5952250889114927,14
GOMOMONE,1.5098099262373528,28
YOBGAS,-0.2936167349446066,2
YONBG95,0.1273667458322348,12
YOBGABM-YOBGABC,-3.126388037344441e-13,2
YOBG66F,0.0217447754700828,2
GOGT5,2.6550047354498023,22
YONBG98,0.12547612861342294,8
YOBGXB63,0.17159057042999848,2
