Code,Correction value,Number
YOBG66UM,-0.9057320518180966,86
YONBG99,1.2215769321037175,8
YOBG65TI,-0.1407034087797392,168
YOBG80P,1.454878189720591,12
GOMOMONE,1.5206280899881337,16
YOBGAS,-0.7302695051667456,2
YONBG95,-0.14364244847670685,6
YOBGABM-YOBGABC,-4.263256414560601e-14,2
YOBG66F,-0.07287086883516736,2
GOGT5,2.3835482453146644,22
