Code,Correction value,Number
YOBG66UM,-0.8224614478565301,98
YONBG99,1.0754446237155975,8
YOBG65TI,-0.13376816941983805,196
YOBG80P,1.5385149467040793,14
GOMOMONE,1.4343610062377659,18
YOBGAS,-0.7812016408540075,2
YONBG95,-0.02549977507050727,8
YOBGABM-YOBGABC,-9.947598300641403e-14,2
YOBG66F,-0.17205880723662403,2
GOGT5,2.3709184528651353,22
YONBG98,0.40441593702847456,2
