Code,Correction value,Number
YOBG66UM,-0.6241650780352769,164
YONBG99,1.315042754073561,8
YOBG65TI,-0.11770916924526396,272
YOBG80P,1.6557412687410817,14
GOMOMONE,1.4536432856186359,28
YOBGAS,-0.3841337661671531,2
YONBG95,0.10676694730114207,10
YOBGABM-YOBGABC,-2.4158453015843406e-13,2
YOBG66F,-0.002519811632424762,2
GOGT5,2.660164216489126,22
YONBG98,0.11394702736748918,8
YOBGXB63,0.12384187048303374,2
