Code,Correction value,Number
YOBG66UM,-0.5878806559187485,176
YONBG99,1.2797427603897908,8
YOBG65TI,-0.10322652418824584,302
YOBG80P,1.6224773163734534,14
GOMOMONE,1.4885511034354089,28
YOBGAS,-0.31125557752365296,2
YONBG95,0.05665208324046347,10
YOBGABM-YOBGABC,-2.913225216616411e-13,2
YOBG66F,0.02002642856095349,2
GOGT5,2.6675028388333057,22
YONBG98,0.12588032315463238,8
YOBGXB63,0.16659138190085088,2
