Code,Correction value,Number
YOBG66UM,-0.8851070525266064,88
YONBG99,1.2370973849853044,8
YOBG65TI,-0.13384846205159037,176
YOBG80P,1.4523982521911616,12
GOMOMONE,1.4906242358131037,16
YOBGAS,-0.7077370636039859,2
YONBG95,-0.14994546145301987,6
YOBGABM-YOBGABC,-3.552713678800501e-14,2
YOBG66F,-0.07592726616954337,2
GOGT5,2.397191158749695,22
