Code,Correction value,Number
YOBG66UM,-0.528133270120633,216
YONBG99,1.236420137448663,8
YOBG65TI,-0.07371074549494691,374
YOBG80P,1.5539156306784119,14
GOMOMONE,1.523933467837095,28
YOBGAS,-0.3343296955909807,2
YONBG95,0.08775601908183954,12
YOBGABM-YOBGABC,-3.765876499528531e-13,2
YOBG66F,-0.004238571159675075,2
GOGT5,2.6067073650434995,22
YONBG98,0.08872368065808445,10
YOBGXB63,1.0896941999203253,8
