Code,Correction value
YOBG66UM,-0.808360007493643
YONBG99,1.2479111841241775
YOBG65TI,-0.1719493762847787
YOBG80P,1.5286614314154885
GOMOMONE,1.5633188374330977
YOBGAS,-0.4385584016785913
YONBG95,-0.34163550627521033
YOBG66F,0.08538598054832391
GOGT5,2.3076952567705127
