Code,Correction value,Number
YOBG66UM,-0.4921399846461603,212
YONBG99,1.2337723262678963,8
YOBG65TI,-0.0840038388208058,370
YOBG80P,1.5691187798403792,14
GOMOMONE,1.541492620186497,28
YOBGAS,-0.2577013373652335,2
YONBG95,0.09369365509596743,12
YOBGABM-YOBGABC,-3.765876499528531e-13,2
YOBG66F,0.03314614763949919,2
GOGT5,2.6498900537806547,22
YONBG98,0.13283475899820196,8
YOBGXB63,0.1899947392174539,2
