Code,Correction value,Number
YOBG66UM,-0.8253819283538399,102
YONBG99,1.0749220202221057,8
YOBG65TI,-0.12711072619487424,210
YOBG80P,1.546003831483753,14
GOMOMONE,1.3833438865448442,20
YOBGAS,-0.6921003700625761,2
YONBG95,-0.013151964945119943,8
YOBGABM-YOBGABC,-1.2079226507921703e-13,2
YOBG66F,-0.15448392963160984,2
GOGT5,2.4280230389333757,22
YONBG98,0.22562985365842772,6
