Code,Correction value,Number
YOBG66UM,-0.7731374808775024,122
YONBG99,1.1083346181217877,8
YOBG65TI,-0.1290032539750572,230
YOBG80P,1.6104133106848144,14
GOMOMONE,1.348807442816755,28
YOBGAS,-0.6078016318561907,2
YONBG95,0.07831949002842542,8
YOBGABM-YOBGABC,-1.2079226507921703e-13,2
YOBG66F,-0.12661178904014037,2
GOGT5,2.5246495546143426,22
YONBG98,0.014303763486044119,8
