Code,Correction value,Number
YOBG66UM,-0.5706135281073761,182
YONBG99,1.2778983304133948,8
YOBG65TI,-0.10265657012304222,304
YOBG80P,1.6236416329984138,14
GOMOMONE,1.4973333058786902,28
YOBGAS,-0.3017766727660387,2
YONBG95,0.05639481736442207,10
YOBGABM-YOBGABC,-3.126388037344441e-13,2
YOBG66F,0.026183747125344325,2
GOGT5,2.6712595384662166,22
YONBG98,0.13148013227360345,8
YOBGXB63,0.17372206803548806,2
