Code,Correction value,Number
YOBG66UM,-0.9848527558917285,78
YONBG99,1.1901101005318129,8
YOBG65TI,-0.1456867481451125,160
YOBG80P,1.4408487058168642,12
GOMOMONE,1.5085003605484317,16
YOBGAS,-0.7694533550715761,2
YONBG95,-0.15401294665400891,6
YOBGABM-YOBGABC,-2.1316282072803006e-14,2
YOBG66F,-0.09471957004124931,2
GOGT5,2.3560794159130056,22
