Code,Correction value,Number
YOBG66UM,-0.8114458437106836,102
YONBG99,1.061316160612872,8
YOBG65TI,-0.1247329696088688,208
YOBG80P,1.5358022858315985,14
GOMOMONE,1.427949375266607,18
YOBGAS,-0.6607431492299014,2
YONBG95,-0.03858278670021065,8
YOBGABM-YOBGABC,-1.3500311979441904e-13,2
YOBG66F,-0.13287198607163475,2
GOGT5,2.4277675357093695,22
YONBG98,0.2503484123922964,6
