Code,Correction value,Number
YOBG66UM,-0.6343032917283189,162
YONBG99,1.315663845169789,8
YOBG65TI,-0.11984049211636079,268
YOBG80P,1.6600645353448005,14
GOMOMONE,1.4603912464505286,28
YOBGAS,-0.37657292347321913,2
YONBG95,0.11056082390751243,10
YOBGABM-YOBGABC,-2.4158453015843406e-13,2
YOBG66F,0.0035999582122343554,2
GOGT5,2.665377539984371,22
YONBG98,0.11978459437626654,8
YOBGXB63,0.13048552351393994,2
