Code,Correction value
YOBG66UM,-0.5315618464804334
YONBG99,1.1418871546403118
YOBG65TI,-0.16263041439108378
YOBG80P,1.5344657917928142
GOMOMONE,1.6577975457656133
YOBGAS,0.20719654902266882
YONBG95,-0.5148032305823591
YOBG66F,0.48606748915669584
GOGT5,2.2052843430936497
