Code,Correction value,Number
YOBG66UM,-0.9850896496061224,78
YONBG99,1.1933896741545524,8
YOBG65TI,-0.15001631477628136,156
YOBG80P,1.4454031312103872,12
GOMOMONE,1.5087811114546374,16
YOBGAS,-0.775161852671232,2
YONBG95,-0.14800205731950436,6
YOBGABM-YOBGABC,-1.4210854715202004e-14,2
YOBG66F,-0.09500058978470349,2
GOGT5,2.356155556916772,22
