Code,Correction value,Number
YOBG66UM,-0.8306711386906827,108
YONBG99,1.0821332718876384,8
YOBG65TI,-0.1285440263618383,218
YOBG80P,1.5534206124744787,14
GOMOMONE,1.400605084276405,24
YOBGAS,-0.6592125983265475,2
YONBG95,0.0029430265212990747,8
YOBGABM-YOBGABC,-1.1368683772161603e-13,2
YOBG66F,-0.1547113924986121,2
GOGT5,2.4573295032041353,22
YONBG98,0.20977644200880027,6
