Code,Correction value,Number
YOBG66UM,-0.7723776301454983,122
YONBG99,1.1082272857100257,8
YOBG65TI,-0.1291822818885445,230
YOBG80P,1.6106284202567624,14
GOMOMONE,1.3493643113864546,28
YOBGAS,-0.6062871409721708,2
YONBG95,0.07835431106607338,8
YOBGABM-YOBGABC,-1.1368683772161603e-13,2
YOBG66F,-0.1258478446466782,2
GOGT5,2.5254151210592783,22
YONBG98,0.014878536010344945,8
YOBGXB63,-0.04777332235110521,2
