Code,Correction value,Number
YOBG66UM,-0.634550250098853,162
YONBG99,1.317276560569283,8
YOBG65TI,-0.12296088501849137,260
YOBG80P,1.6627753340191933,14
GOMOMONE,1.4657342520349748,28
YOBGAS,-0.38150372793441534,2
YONBG95,0.1031426926512129,8
YOBGABM-YOBGABC,-2.3447910280083306e-13,2
YOBG66F,0.004349008917159836,2
GOGT5,2.6638796221733547,22
YONBG98,0.12220428063463551,8
YOBGXB63,0.12776318341873605,2
