Code,Correction value,Number
YOBG66UM,-0.42084236697543786,260
YONBG99,1.1613496212743755,8
YOBG65TI,-0.06803902354756973,434
YOBG80P,1.4089573326680767,14
GOMOMONE,1.4872226829846729,28
YOBGAS,-0.3548233232696276,2
YONBG95,0.2621830466828279,22
YOBGABM-YOBGABC,-2.8421709430404007e-13,2
YOBG66F,-0.07603286471290005,2
GOGT5,2.510752216472817,22
YONBG98,0.001522078794778281,10
YOBGXB63,1.0164290850637006,8
