Code,Correction value,Number
YOBG66UM,-0.729911077268183,134
YONBG99,1.1021035612649186,8
YOBG65TI,-0.12232805497499484,246
YOBG80P,1.6318961989601541,14
GOMOMONE,1.4090950543417873,28
YOBGAS,-0.5075806426573308,2
YONBG95,0.08560276708652204,8
YOBGABM-YOBGABC,-1.5631940186722204e-13,2
YOBG66F,-0.06693666710242496,2
GOGT5,2.5759838438230176,22
YONBG98,0.06469133713582131,8
YOBGXB63,0.028893151109848247,2
