Code,Correction value,Number
YOBG66UM,-0.6240677572757883,164
YONBG99,1.318600696208831,8
YOBG65TI,-0.11982016490802172,268
YOBG80P,1.6600101313479243,14
GOMOMONE,1.4506671861577114,28
YOBGAS,-0.38809736513732673,2
YONBG95,0.11243007563163303,10
YOBGABM-YOBGABC,-2.2737367544323206e-13,2
YOBG66F,-0.003113454077826816,2
GOGT5,2.6615213420229704,22
YONBG98,0.11394117802220372,8
YOBGXB63,0.12220485046414353,2
