Code,Correction value,Number
YOBG66UM,-0.5962588449151834,174
YONBG99,1.2921654848165485,8
YOBG65TI,-0.10813698668017108,292
YOBG80P,1.6404339144301798,14
GOMOMONE,1.4842136587230144,28
YOBGAS,-0.3179169933450652,2
YONBG95,0.07880608713821147,10
YOBGABM-YOBGABC,-2.913225216616411e-13,2
YOBG66F,0.023270857564128278,2
GOGT5,2.6765757601722826,22
YONBG98,0.13080683793348236,8
YOBGXB63,0.166883986904395,2
