Code,Correction value,Number
YOBG66UM,-0.9490026769170147,70
YONBG99,1.1856985370111577,8
YOBG65TI,-0.14928114102926607,146
YOBG80P,1.4651294078105888,12
GOMOMONE,1.5357972306124097,12
YOBGAS,-0.6757746371241353,2
YONBG95,-0.34672142365598546,4
YOBGABM-YOBGABC,-7.105427357601002e-15,2
YOBG66F,-0.025160841089125086,2
GOGT5,2.275864133417717,20
