Code,Correction value,Number
YOBG66UM,-0.553015418804043,188
YONBG99,1.2757074457571047,8
YOBG65TI,-0.10135385206168769,308
YOBG80P,1.6217076022751746,14
GOMOMONE,1.5065099927910985,28
YOBGAS,-0.3034438832332853,2
YONBG95,0.05393057760990416,10
YOBGABM-YOBGABC,-2.913225216616411e-13,2
YOBG66F,0.02737324469229918,2
GOGT5,2.6676880328254358,22
YONBG98,0.13395820632486277,8
YOBGXB63,0.17203625107390508,2
