Code,Correction value
YOBG66UM,-0.6585980256129226
YONBG99,1.2240293909801423
YOBG65TI,-0.18004355061766375
YOBG80P,1.5736126304817095
GOMOMONE,1.6529385530388567
YOBGAS,-0.14459209069786993
YONBG95,-0.4598189484815194
YOBG66F,0.24570758782384416
GOGT5,2.226241359574968
