Code,Correction value,Number
YOBG66UM,-0.4140770932256979,300
YONBG99,1.0170763269688923,8
YOBG65TI,-0.07011856763597592,478
YOBG80P,1.3046023635853703,14
GOMOMONE,1.490703401495015,28
YOBGAS,-0.3913915522020659,2
YONBG95,0.34172390967714295,32
YOBGABM-YOBGABC,0.07110386527016033,4
YOBG66F,-0.10030782764935253,2
GOGT5,2.1903190732715236,32
YONBG98,-0.02100987717540903,10
YOBGXB63,0.9720347749098082,8
YONBG95-YOBG65TI,0.8532463832437926,2
