Code,Correction value,Number
YOBG66UM,-0.9738917532952381,70
YONBG99,1.1935717726791744,8
YOBG65TI,-0.14883977922838493,154
YOBG80P,1.4627672784008336,12
GOMOMONE,1.514118637639673,14
YOBGAS,-0.7251312405266503,2
YONBG95,-0.13524998306233016,6
YOBGABM-YOBGABC,-2.842170943040401e-14,2
YOBG66F,-0.06116985726435331,2
GOGT5,2.258920418829382,20
