Code,Correction value
YOBG66UM,-0.6586749344851088
YONBG99,1.2298065594206378
YOBG65TI,-0.17810304963872078
YOBG80P,1.581868877774281
GOMOMONE,1.6492929751404801
YOBGAS,-0.15362599256252452
YONBG95,-0.4498920521499272
YOBG66F,0.2443168551738637
GOGT5,2.227926731921438
