Code,Correction value,Number
YOBG66UM,-0.6343624551825324,162
YONBG99,1.313239307870532,8
YOBG65TI,-0.12140670264565304,264
YOBG80P,1.6571491387132582,14
GOMOMONE,1.462284724508169,28
YOBGAS,-0.3737697518917855,2
YONBG95,0.10668689731170389,10
YOBGABM-YOBGABC,-2.3447910280083306e-13,2
YOBG66F,0.0040012195505383374,2
GOGT5,2.6645196644634486,22
YONBG98,0.11975065251902883,8
YOBGXB63,0.13167139996975408,2
