Code,Correction value,Number
YOBG66UM,-0.8146233835991177,104
YONBG99,1.0753310730523395,8
YOBG65TI,-0.1275257758741879,210
YOBG80P,1.552405255092634,14
GOMOMONE,1.3879719150995846,20
YOBGAS,-0.6720582235817574,2
YONBG95,-0.007685811098466999,8
YOBGABM-YOBGABC,-1.1368683772161603e-13,2
YOBG66F,-0.14376358271949385,2
GOGT5,2.4408237723080686,22
YONBG98,0.23341524679432268,6
