Code,Correction value,Number
YOBG66UM,-0.6540769379585114,154
YONBG99,1.0976120237019718,8
YOBG65TI,-0.12038980192284106,252
YOBG80P,1.6502676898869666,14
GOMOMONE,1.446746947064656,28
YOBGAS,-0.41510545117147046,2
YONBG95,0.093730429020491,8
YOBGABM-YOBGABC,-1.9895196601282805e-13,2
YOBG66F,-0.017322431237815294,2
GOGT5,2.6254193551057754,22
YONBG98,0.10349184175296955,8
YOBGXB63,0.10018597526533313,2
