Code,Correction value,Number
YOBG66UM,-0.9948077055587508,74
YONBG99,1.192320028205117,8
YOBG65TI,-0.1473279964718082,154
YOBG80P,1.4345123804444728,12
GOMOMONE,1.4963977041192353,14
YOBGAS,-0.8049183941640052,2
YONBG95,-0.1559601802606636,6
YOBGABM-YOBGABC,-7.105427357601002e-15,2
YOBG66F,-0.10323953842725331,2
GOGT5,2.3342764530048696,22
