Code,Correction value,Number
YOBG66UM,-0.9443372599891892,82
YONBG99,1.1937522373576588,8
YOBG65TI,-0.1396863229781732,168
YOBG80P,1.4548607876111959,12
GOMOMONE,1.5105848632476278,16
YOBGAS,-0.7476565740323764,2
YONBG95,-0.14121496050181767,6
YOBGABM-YOBGABC,-7.105427357601002e-14,2
YOBG66F,-0.08198202737362692,2
GOGT5,2.374173608322589,22
