Code,Correction value
YOBG66UM,-0.5321995464874704
YONBG99,1.1431184974592021
YOBG65TI,-0.16878442789427614
YOBG80P,1.536344200469782
GOMOMONE,1.6699663118627275
YOBGAS,0.20294592577242554
YONBG95,-0.5096612126020048
YOBG66F,0.492001700867327
GOGT5,2.200324747440883
