Code,Correction value
YOBG66UM,-0.6393689930304156
YONBG99,1.181808836062146
YOBG65TI,-0.17411803291675138
YOBG80P,1.5220899859225732
GOMOMONE,1.7011287413876168
YOBGAS,-0.06907044773419102
YONBG95,-0.5056345424046
YOBG66F,0.31539036907433626
GOGT5,2.193433021565961
