Code,Correction value,Number
YOBG66UM,-0.9123857152019175,90
YONBG99,1.1176272394637934,8
YOBG65TI,-0.12851599777981754,190
YOBG80P,1.4614245093142653,12
GOMOMONE,1.556041052312987,18
YOBGAS,-0.7039555917270661,2
YONBG95,-0.028530271967980525,8
YOBGABM-YOBGABC,-9.237055564881302e-14,2
YOBG66F,-0.10334561957826338,2
GOGT5,2.404605393428072,22
YONBG98,0.49371446006824016,2
