Code,Correction value,Number
YOBG66UM,-0.8189865298316129,112
YONBG99,1.0979176573548077,8
YOBG65TI,-0.1306997976185384,222
YOBG80P,1.56832940345264,14
GOMOMONE,1.3425440593096774,28
YOBGAS,-0.6961428681471489,2
YONBG95,0.03396947383014748,8
YOBGABM-YOBGABC,-9.237055564881302e-14,2
YOBG66F,-0.1751475771652764,2
GOGT5,2.4570595153118133,22
YONBG98,-0.02172804903785952,8
