Code,Correction value,Number
YOBG66UM,-0.8369287813001673,110
YONBG99,1.0996981745173127,8
YOBG65TI,-0.13152262771022524,222
YOBG80P,1.5645242192789826,14
GOMOMONE,1.328983350996628,28
YOBGAS,-0.7176364556123431,2
YONBG95,0.03354207875804782,8
YOBGABM-YOBGABC,-1.1368683772161603e-13,2
YOBG66F,-0.18781568890548073,2
GOGT5,2.446659667670806,22
YONBG98,0.17729766181942588,6
