Code,Correction value
YOBG66UM,-0.6724766563281792
YONBG99,1.229442394926119
YOBG65TI,-0.18683651386963135
YOBG80P,1.5725004069077393
GOMOMONE,1.645715004493954
YOBGAS,-0.18309282063154342
YONBG95,-0.45506508914654376
YOBG66F,0.23004047739654254
GOGT5,2.2083708731813148
