Code,Correction value
YOBG66UM,-0.9490988269303732
YONBG99,1.1880821726650126
YOBG65TI,-0.15387506960731406
YOBG80P,1.4684828789001945
GOMOMONE,1.5350099750422903
YOBGAS,-0.6796808461315749
YONBG95,-0.34314251337845647
YOBGABM-YOBGABC,-2.842170943040401e-14
YOBG66F,-0.02558039247145416
GOGT5,2.2761849335726865
