Code,Correction value,Number
YOBG66UM,-0.8369658505131636,110
YONBG99,1.0957694467088253,8
YOBG65TI,-0.1321347620382027,220
YOBG80P,1.5581706477506623,14
GOMOMONE,1.3323575364259663,28
YOBGAS,-0.711651268340475,2
YONBG95,0.024303368125819347,8
YOBGABM-YOBGABC,-9.947598300641403e-14,2
YOBG66F,-0.18718978608019654,2
GOGT5,2.444957768704335,22
YONBG98,0.1772532991756511,6
