Code,Correction value,Number
YOBG66UM,-0.8259311304871363,100
YONBG99,1.0618303877243704,8
YOBG65TI,-0.12466713667391217,208
YOBG80P,1.5346430595103837,14
GOMOMONE,1.42446038087762,18
YOBGAS,-0.6673238127823353,2
YONBG95,-0.03882245935914952,8
YOBGABM-YOBGABC,-1.2079226507921703e-13,2
YOBG66F,-0.13657328049539075,2
GOGT5,2.4244834532696093,22
YONBG98,0.24728042926997537,6
