Code,Correction value,Number
YOBG66UM,-0.8383236277354593,98
YONBG99,1.0654879199351246,8
YOBG65TI,-0.126301703973765,206
YOBG80P,1.5388074278752575,14
GOMOMONE,1.433519694983615,18
YOBGAS,-0.6899338837229578,2
YONBG95,-0.0331638731940167,8
YOBGABM-YOBGABC,-1.0658141036401503e-13,2
YOBG66F,-0.14037153479053188,2
GOGT5,2.414799020583436,22
YONBG98,0.2759120117370202,4
