Code,Correction value,Number
YOBG66UM,-0.5365851200898987,212
YONBG99,1.2323374586678444,8
YOBG65TI,-0.07424380252330365,370
YOBG80P,1.5469161032657754,14
GOMOMONE,1.5283401483958952,28
YOBGAS,-0.3405437668761948,2
YONBG95,0.08100524597768673,12
YOBGABM-YOBGABC,-3.836930773104541e-13,2
YOBG66F,-0.007852125717988656,2
GOGT5,2.598531932534979,22
YONBG98,0.103670518154102,8
YOBGXB63,1.0806081618402494,8
