Code,Correction value,Number
YOBG66UM,-0.7437701743100327,130
YONBG99,1.105039443360445,8
YOBG65TI,-0.1278383010516462,234
YOBG80P,1.6271404615163394,14
GOMOMONE,1.3773859207146002,28
YOBGAS,-0.5254368150448414,2
YONBG95,0.08691895190490762,8
YOBGABM-YOBGABC,-1.3500311979441904e-13,2
YOBG66F,-0.08363651066585476,2
GOGT5,2.569731636258535,22
YONBG98,0.04707235879700988,8
YOBGXB63,0.01465874316395599,2
