Code,Correction value,Number
YOBG66UM,-0.9741660799210503,70
YONBG99,1.195215322175839,8
YOBG65TI,-0.15316016141038924,150
YOBG80P,1.4649286273432043,12
GOMOMONE,1.516514540904332,14
YOBGAS,-0.7286261506821887,2
YONBG95,-0.13226719226334893,6
YOBGABM-YOBGABC,-4.263256414560601e-14,2
YOBG66F,-0.06082663756086504,2
GOGT5,2.258304442895348,20
