Code,Correction value,Number
YOBG66UM,-0.7731638341456001,122
YONBG99,1.104980814728794,8
YOBG65TI,-0.13314462638357838,222
YOBG80P,1.6050225900109112,14
GOMOMONE,1.3512930526609388,28
YOBGAS,-0.6020985725063,2
YONBG95,0.07049216724515972,8
YOBGABM-YOBGABC,-1.2079226507921703e-13,2
YOBG66F,-0.12596448996825416,2
GOGT5,2.523566287723058,22
YONBG98,0.013932128432941226,8
