Code,Correction value,Number
YOBG66UM,-0.6717299271856283,150
YONBG99,1.0982100199320435,8
YOBG65TI,-0.1224280762130894,248
YOBG80P,1.6515263833945468,14
GOMOMONE,1.4465544289073569,28
YOBGAS,-0.4149725365928276,2
YONBG95,0.09535436674335074,8
YOBGABM-YOBGABC,-2.1316282072803006e-13,2
YOBG66F,-0.016854253063328883,2
GOGT5,2.626306705049339,22
YONBG98,0.10398503660882241,8
YOBGXB63,0.10063464180839787,2
