Code,Correction value,Number
YOBG66UM,-0.977271711379767,76
YONBG99,1.1829473463058626,8
YOBG65TI,-0.14452157321570241,156
YOBG80P,1.4292983149202254,12
GOMOMONE,1.5212431458707922,14
YOBGAS,-0.7667691300442954,2
YONBG95,-0.1672410163850202,6
YOBGABM-YOBGABC,-3.552713678800501e-14,2
YOBG66F,-0.08408334497449488,2
GOGT5,2.3459365428713705,22
