Code,Correction value,Number
YOBG66UM,-0.9849721764836241,78
YONBG99,1.1917523205682308,8
YOBG65TI,-0.14782481680169865,158
YOBG80P,1.4431283609491885,12
GOMOMONE,1.5086538288534133,16
YOBGAS,-0.7723162308632823,2
YONBG95,-0.15100337864953417,6
YOBGABM-YOBGABC,-2.842170943040401e-14,2
YOBG66F,-0.0948578810218379,2
GOGT5,2.356113598111896,22
