Code,Correction value,Number
YOBG66UM,-0.8315091661968631,108
YONBG99,1.0797506220609474,8
YOBG65TI,-0.1272955323770296,220
YOBG80P,1.5505571009274826,14
GOMOMONE,1.41105685137887,24
YOBGAS,-0.6607451387295384,2
YONBG95,-0.002556846003752611,8
YOBGABM-YOBGABC,-1.2789769243681803e-13,2
YOBG66F,-0.1533182733942624,2
GOGT5,2.452966311044069,22
YONBG98,0.21336016648532782,6
