Code,Correction value,Number
YOBG66UM,-0.5743818268643418,180
YONBG99,1.279656279776205,8
YOBG65TI,-0.10255111751081311,304
YOBG80P,1.621551903499755,14
GOMOMONE,1.4895638650124476,28
YOBGAS,-0.31556548724965694,2
YONBG95,0.056080611314565945,10
YOBGABM-YOBGABC,-3.126388037344441e-13,2
YOBG66F,0.018442777125997623,2
GOGT5,2.6646990796070016,22
YONBG98,0.12512946495653843,8
YOBGXB63,0.16326364361695767,2
