Code,Correction value,Number
YOBG66UM,-0.5880499907068873,176
YONBG99,1.2807427839729773,8
YOBG65TI,-0.10407851800127048,300
YOBG80P,1.6239008501032746,14
GOMOMONE,1.490151528686033,28
YOBGAS,-0.3137616515574848,2
YONBG95,0.058579031145657726,10
YOBGABM-YOBGABC,-2.913225216616411e-13,2
YOBG66F,0.020120264194574133,2
GOGT5,2.6669584209555497,22
YONBG98,0.12669178872319264,8
YOBGXB63,0.16521484032694644,2
