Code,Correction value,Number
YOBG66UM,-0.9986547645441499,76
YONBG99,1.1974003396898194,8
YOBG65TI,-0.14982489639509666,156
YOBG80P,1.4395616496318375,12
GOMOMONE,1.4857381591789407,16
YOBGAS,-0.8156585279156872,2
YONBG95,-0.14894540995186625,6
YOBGABM-YOBGABC,-1.4210854715202004e-14,2
YOBG66F,-0.11807273053590706,2
GOGT5,2.3366285390744435,22
