Code,Correction value,Number
YOBG66UM,-0.9678169823888638,80
YONBG99,1.1957092035644052,8
YOBG65TI,-0.14525708716470262,162
YOBG80P,1.4566569917725758,12
GOMOMONE,1.5147720567161116,16
YOBGAS,-0.7544241573856993,2
YONBG95,-0.13816049087596838,6
YOBGABM-YOBGABC,-2.1316282072803006e-14,2
YOBG66F,-0.08227980257422729,2
GOGT5,2.3717030518053495,22
