Code,Correction value
YOBG66UM,-0.6715206007033491
YONBG99,1.227376778511502
YOBG65TI,-0.1800858124696903
YOBG80P,1.570017081208879
GOMOMONE,1.6327027968321317
YOBGAS,-0.17644254020204642
YONBG95,-0.4603618149089641
YOBG66F,0.22724997969760352
GOGT5,2.212369034764228
