Code,Correction value
YOBG66UM,-0.7811731745389201
YONBG99,1.2278319006400995
YOBG65TI,-0.17296467064589982
YOBG80P,1.5140975969534551
GOMOMONE,1.5933316424835682
YOBGAS,-0.3673339971000331
YONBG95,-0.33950168199721276
YOBG66F,0.13119352403971618
GOGT5,2.3194671363898953
