Code,Correction value,Number
YOBG66UM,-0.4223438034467095,262
YONBG99,1.1485805116465606,8
YOBG65TI,-0.08302972170930532,440
YOBG80P,1.3844911777462994,14
GOMOMONE,1.4794479328224546,28
YOBGAS,-0.3549951887887488,2
YONBG95,0.4271667394279237,26
YOBGABM-YOBGABC,0.29451368168574277,2
YOBG66F,-0.08742824280009387,2
GOGT5,2.496391256340145,22
YONBG98,-0.013025547901820289,10
YOBGXB63,1.0070074110360672,8
YONBG95-YOBG65TI,1.7670820901154798,2
