Code,Correction value,Number
YOBG66UM,-0.8843396419693579,92
YONBG99,1.1209983395730525,8
YOBG65TI,-0.12689244920435647,192
YOBG80P,1.4601120200715674,12
GOMOMONE,1.5250042987284798,18
YOBGAS,-0.7255892236347989,2
YONBG95,-0.02551122859002497,8
YOBGABM-YOBGABC,-8.526512829121202e-14,2
YOBG66F,-0.12094156678548273,2
GOGT5,2.3971818448864366,22
YONBG98,0.4711698979495722,2
