Code,Correction value,Number
YOBG66UM,-0.5289795949335019,196
YONBG99,1.260844448136357,8
YOBG65TI,-0.096054427149164,330
YOBG80P,1.5956365229834597,14
GOMOMONE,1.5091538693411641,28
YOBGAS,-0.29777715275747596,2
YONBG95,0.12843900883109782,12
YOBGABM-YOBGABC,-3.339550858072471e-13,2
YOBG66F,0.020261953818554446,2
GOGT5,2.6534032840769157,22
YONBG98,0.124675134247898,8
YOBGXB63,0.1687376429033165,2
