Code,Correction value,Number
YOBG66UM,-0.6841464192295993,146
YONBG99,1.1026200562787931,8
YOBG65TI,-0.1223446151388176,248
YOBG80P,1.6511594492975417,14
GOMOMONE,1.4262020168100256,28
YOBGAS,-0.4393781379281734,2
YONBG95,0.1007953876451797,8
YOBGABM-YOBGABC,-2.0605739337042905e-13,2
YOBG66F,-0.03110064435492177,2
GOGT5,2.6178074789983365,22
YONBG98,0.09159562808984667,8
YOBGXB63,0.08302872575168863,2
