Code,Correction value
YOBG66UM,-0.8077885763285678
YONBG99,1.2471682466340397
YOBG65TI,-0.17989790654726387
YOBG80P,1.5279159921196535
GOMOMONE,1.5561692124835484
YOBGAS,-0.43534906633828996
YONBG95,-0.3459050393597529
YOBG66F,0.08392291934718799
GOGT5,2.3097905446662605
