Code,Correction value,Number
YOBG66UM,-0.5282333659617878,216
YONBG99,1.2358177641455157,8
YOBG65TI,-0.07412399241916741,372
YOBG80P,1.5534818527948673,14
GOMOMONE,1.5262336667632337,28
YOBGAS,-0.33462513513107695,2
YONBG95,0.08738945886800309,12
YOBGABM-YOBGABC,-3.765876499528531e-13,2
YOBG66F,-0.003878266373831707,2
GOGT5,2.605897395111839,22
YONBG98,0.08915220241824358,10
YOBGXB63,1.0887212607129957,8
