Code,Correction value,Number
YOBG66UM,-0.45625269363904664,244
YONBG99,1.2258729480935493,8
YOBG65TI,-0.07383187820796465,390
YOBG80P,1.514979220822522,14
GOMOMONE,1.4874203052269297,28
YOBGAS,-0.3865009148976526,2
YONBG95,0.1740789437773079,18
YOBGABM-YOBGABC,-4.192202140984591e-13,2
YOBG66F,-0.04715500082122048,2
GOGT5,2.563265087430696,22
YONBG98,0.04790053219211501,10
YOBGXB63,1.0398352655193932,8
