Code,Correction value,Number
YOBG66UM,-0.8073469254429926,106
YONBG99,1.0695569222305483,8
YOBG65TI,-0.125922667583831,212
YOBG80P,1.5530903759294037,14
GOMOMONE,1.3975664140953667,20
YOBGAS,-0.625973528474276,2
YONBG95,-0.0127604463268014,8
YOBGABM-YOBGABC,-8.526512829121202e-14,2
YOBG66F,-0.12471535691382485,2
GOGT5,2.461598360553985,22
YONBG98,0.24527135185763646,6
