Code,Correction value,Number
YOBG66UM,-0.49450737684252194,210
YONBG99,1.2496976273901605,8
YOBG65TI,-0.08759763676808834,358
YOBG80P,1.5849989995774538,14
GOMOMONE,1.5121631735792644,28
YOBGAS,-0.2746191632970749,2
YONBG95,0.11310238845119021,12
YOBGABM-YOBGABC,-3.623767952376511e-13,2
YOBG66F,0.025196584755668994,2
GOGT5,2.6569713223592784,22
YONBG98,0.12526167513290964,8
YOBGXB63,0.18226061446867448,2
