Code,Correction value,Number
YOBG66UM,-0.7578520235669276,126
YONBG99,1.1040866612936888,8
YOBG65TI,-0.12712433396417142,234
YOBG80P,1.6149374811342838,14
GOMOMONE,1.3678775522759459,28
YOBGAS,-0.5637116617186564,2
YONBG95,0.07660479675469567,8
YOBGABM-YOBGABC,-1.3500311979441904e-13,2
YOBG66F,-0.10424688925750303,2
GOGT5,2.5453689717246486,22
YONBG98,0.031406127886674184,8
YOBGXB63,-0.016114023041772896,2
