Code,Correction value
YOBG66UM,-0.9484440682634598
YONBG99,1.186819681332672
YOBG65TI,-0.15782915993062582
YOBG80P,1.467166042487688
GOMOMONE,1.5247994695240645
YOBGAS,-0.6750030168890788
YONBG95,-0.3494815468420782
YOBG66F,-0.027724405922462836
GOGT5,2.2788373143528204
