Code,Correction value
YOBG66UM,-0.6422297564960073
YONBG99,1.1965019008191238
YOBG65TI,-0.176403727872501
YOBG80P,1.5498210114386275
GOMOMONE,1.6676094552283978
YOBGAS,-0.06425493987799769
YONBG95,-0.4822916192538571
YOBG66F,0.31186027729978605
GOGT5,2.2885068570935267
