Code,Correction value,Number
YOBG66UM,-0.7114172200426037,140
YONBG99,1.1034853938367633,8
YOBG65TI,-0.1233383495870114,246
YOBG80P,1.650025529675384,14
GOMOMONE,1.4234001410320687,28
YOBGAS,-0.4505708654028808,2
YONBG95,0.10088019053044484,8
YOBGABM-YOBGABC,-1.7053025658242404e-13,2
YOBG66F,-0.03621660044678521,2
GOGT5,2.612218548773707,22
YONBG98,0.08806164253799942,8
YOBGXB63,0.07471624168510971,2
