Code,Correction value,Number
YOBG66UM,-0.5339216201731601,194
YONBG99,1.2631732014855679,8
YOBG65TI,-0.09490092477273332,324
YOBG80P,1.600096921736286,14
GOMOMONE,1.5106467428334476,28
YOBGAS,-0.29717086260108516,2
YONBG95,0.02754356809409302,10
YOBGABM-YOBGABC,-3.410605131648481e-13,2
YOBG66F,0.022561625349595715,2
GOGT5,2.6562884868937924,22
YONBG98,0.1273009982949791,8
YOBGXB63,0.17043535987772174,2
