Code,Correction value,Number
YOBG66UM,-0.8732600685672698,94
YONBG99,1.1237443382932035,8
YOBG65TI,-0.13946618195841567,192
YOBG80P,1.5487093044729778,14
GOMOMONE,1.4882430664338584,18
YOBGAS,-0.7514647345130356,2
YONBG95,-0.02517659329779498,8
YOBGABM-YOBGABC,-7.815970093361102e-14,2
YOBG66F,-0.1428211425308703,2
GOGT5,2.386645215301013,22
YONBG98,0.443741490194526,2
