Code,Correction value,Number
YOBG66UM,-0.6030451629557515,172
YONBG99,1.2956243147944946,8
YOBG65TI,-0.10993546599740932,288
YOBG80P,1.6445228028295276,14
GOMOMONE,1.4805725448021545,28
YOBGAS,-0.321310579716517,2
YONBG95,0.08421328713707651,10
YOBGABM-YOBGABC,-2.6290081223123707e-13,2
YOBG66F,0.022627954028287434,2
GOGT5,2.678199430240848,22
YONBG98,0.1305605058934436,8
YOBGXB63,0.1655990453119287,2
