Code,Correction value,Number
YOBG66UM,-0.948850038921872,70
YONBG99,1.185600993511457,8
YOBG65TI,-0.14718101821322516,148
YOBG80P,1.465105293228908,12
GOMOMONE,1.533212264115311,12
YOBGAS,-0.6749723021225833,2
YONBG95,-0.3479621535744144,4
YOBGABM-YOBGABC,-1.4210854715202004e-14,2
YOBG66F,-0.025726393115881763,2
GOGT5,2.276546039431932,20
