Code,Correction value,Number
YOBG66UM,-0.8469609217689485,96
YONBG99,1.0637774629121122,8
YOBG65TI,-0.1267525007104242,204
YOBG80P,1.529122678723883,14
GOMOMONE,1.4355595076029546,18
YOBGAS,-0.7187997162975535,2
YONBG95,-0.0433049693832217,8
YOBGABM-YOBGABC,-9.947598300641403e-14,2
YOBG66F,-0.1534599368772902,2
GOGT5,2.3945408998111475,22
YONBG98,0.4094047790037578,2
