Code,Correction value
YOBG66UM,-0.9488797283148606
YONBG99,1.1877277486578244
YOBG65TI,-0.15591630399393322
YOBG80P,1.468140039773446
GOMOMONE,1.5315225112849866
YOBGAS,-0.6782151665461242
YONBG95,-0.3451817538077435
YOBG66F,-0.026320563030182598
GOGT5,2.27709447068066
