Code,Correction value,Number
YOBG66UM,-0.5106214199221586,204
YONBG99,1.2524795838231242,8
YOBG65TI,-0.089581474404938,352
YOBG80P,1.5916111941926598,14
GOMOMONE,1.5170131696588842,28
YOBGAS,-0.2726830375196627,2
YONBG95,0.12036883530976776,12
YOBGABM-YOBGABC,-3.623767952376511e-13,2
YOBG66F,0.029688528066039055,2
GOGT5,2.6612829698483282,22
YONBG98,0.1303703881068632,8
YOBGXB63,0.18553053418424525,2
