Code,Correction value,Number
YOBG66UM,-0.8146744126974094,104
YONBG99,1.0654531227024187,8
YOBG65TI,-0.12490650750926939,212
YOBG80P,1.537481762044839,14
GOMOMONE,1.4004651952401859,20
YOBGAS,-0.6592778102277634,2
YONBG95,-0.03005204765763736,8
YOBGABM-YOBGABC,-9.237055564881302e-14,2
YOBG66F,-0.14156235927361394,2
GOGT5,2.4354744778118675,22
YONBG98,0.23505052763718956,6
