Code,Correction value
YOBG66UM,-0.8475678215593734
YONBG99,1.180417101825336
YOBG65TI,-0.16597464396376707
YOBG80P,1.5152344717904522
GOMOMONE,1.5636605024888854
YOBGAS,-0.48808626399572574
YONBG95,-0.3404462105366406
YOBG66F,0.06419895464597403
GOGT5,2.3161177167044835
