Code,Correction value
YOBG66UM,-0.5464134590555054
YONBG99,1.1446648446080196
YOBG65TI,-0.17799819988916038
YOBG80P,1.5330769204775219
GOMOMONE,1.64868577979806
YOBGAS,0.18547453194884156
YONBG95,-0.5136668309531203
YOBG66F,0.4749025424726625
GOGT5,2.1960015408249354
