Code,Correction value,Number
YOBG66UM,-0.6131673535427502,168
YONBG99,1.3159284053780809,8
YOBG65TI,-0.11808282157787259,272
YOBG80P,1.6630276254631267,14
GOMOMONE,1.4577497245500126,28
YOBGAS,-0.3632648129183593,2
YONBG95,0.11242780901183806,10
YOBGABM-YOBGABC,-2.5579538487363607e-13,2
YOBG66F,0.008662169184233903,2
GOGT5,2.674020889888695,22
YONBG98,0.12233972279042149,8
YOBGXB63,0.14079320739562462,2
