Code,Correction value,Number
YOBG66UM,-0.6130810091206034,168
YONBG99,1.314085692765218,8
YOBG65TI,-0.11698805203415338,274
YOBG80P,1.6606666054941377,14
GOMOMONE,1.4577055051694034,28
YOBGAS,-0.36032571952911496,2
YONBG95,0.10927384262559628,10
YOBGABM-YOBGABC,-2.7000623958883807e-13,2
YOBG66F,0.00879146866342495,2
GOGT5,2.6739082990005887,22
YONBG98,0.12180834697785237,8
YOBGXB63,0.14222217366735634,2
