Code,Correction value,Number
YOBG66UM,-0.8232840691421104,98
YONBG99,1.0788622188698724,8
YOBG65TI,-0.13602785657311867,194
YOBG80P,1.5446746530546613,14
GOMOMONE,1.4428053072289737,18
YOBGAS,-0.7923823720113319,2
YONBG95,-0.0182078018569527,8
YOBGABM-YOBGABC,-9.237055564881302e-14,2
YOBG66F,-0.17130402796102118,2
GOGT5,2.3680568247772054,22
YONBG98,0.4100947984731391,2
