Code,Correction value,Number
YOBG66UM,-0.42396706538293816,280
YONBG99,1.0231828016827063,8
YOBG65TI,-0.07398813754819955,458
YOBG80P,1.3099311135708365,14
GOMOMONE,1.4832288044092354,28
YOBGAS,-0.40459541148915434,2
YONBG95,0.4074030196016213,28
YOBGABM-YOBGABC,0.13393690181788287,2
YOBG66F,-0.10496919201008836,2
GOGT5,2.3137367130272373,28
YONBG98,-0.023268888464208715,10
YOBGXB63,0.9659037162242559,8
YONBG95-YOBG65TI,0.8036214109083346,2
