Code,Correction value,Number
YOBG66UM,-0.8910336623860696,88
YONBG99,1.0978583857506585,8
YOBG65TI,-0.11990537325362094,188
YOBG80P,1.4351858722445658,12
GOMOMONE,1.4796365454848788,16
YOBGAS,-0.6686236669449528,2
YONBG95,-0.17527550510259005,6
YOBGABM-YOBGABC,-7.815970093361102e-14,2
YOBG66F,-0.07221528080593487,2
GOGT5,2.395949633380499,22
YONBG98,0.5481645863439795,2
