Code,Correction value,Number
YOBG66UM,-0.8377327924982014,108
YONBG99,1.0896280139582863,8
YOBG65TI,-0.1292889153601807,220
YOBG80P,1.559726800172331,14
GOMOMONE,1.3338499204301983,26
YOBGAS,-0.6777248925183983,2
YONBG95,0.0172287507632074,8
YOBGABM-YOBGABC,-1.0658141036401503e-13,2
YOBG66F,-0.16572335450045728,2
GOGT5,2.456659293874739,22
YONBG98,0.1979946244049676,6
