Code,Correction value,Number
YOBG66UM,-0.8136298885368466,114
YONBG99,1.0985618105619803,8
YOBG65TI,-0.13146716305551556,222
YOBG80P,1.5791889624404922,14
GOMOMONE,1.351709084256884,28
YOBGAS,-0.66077439771081,2
YONBG95,0.0429016863875642,8
YOBGABM-YOBGABC,-9.947598300641403e-14,2
YOBG66F,-0.15615595041181507,2
GOGT5,2.479247147864158,22
YONBG98,-0.007283359278826396,8
