Code,Correction value,Number
YOBG66UM,-0.602931866461037,172
YONBG99,1.3074210818603333,8
YOBG65TI,-0.11265347170205196,284
YOBG80P,1.6589196249446323,14
GOMOMONE,1.4725557884278533,28
YOBGAS,-0.33519845061793063,2
YONBG95,0.10328993760092971,10
YOBGABM-YOBGABC,-2.6290081223123707e-13,2
YOBG66F,0.020994268622018808,2
GOGT5,2.682190034056946,22
YONBG98,0.13124430294721634,8
YOBGXB63,0.1597176648033951,2
