Code,Correction value,Number
YOBG66UM,-0.7740070283515895,122
YONBG99,1.1082914575298375,8
YOBG65TI,-0.1315313035899276,226
YOBG80P,1.6111074702789523,14
GOMOMONE,1.3558942119596697,28
YOBGAS,-0.6118444414900353,2
YONBG95,0.07828854630280446,8
YOBGABM-YOBGABC,-1.3500311979441904e-13,2
YOBG66F,-0.1258353655585438,2
GOGT5,2.521981973613575,22
YONBG98,0.016688214416221925,8
