Code,Correction value,Number
YOBG66UM,-0.8810859215024053,88
YONBG99,1.2169200480484292,8
YOBG65TI,-0.1349108502526222,174
YOBG80P,1.4512850493801193,12
GOMOMONE,1.494290044289853,16
YOBGAS,-0.7288777106461879,2
YONBG95,-0.14812191622055101,6
YOBGABM-YOBGABC,-4.263256414560601e-14,2
YOBG66F,-0.08220224811012145,2
GOGT5,2.3846144893365913,22
