Code,Correction value,Number
YOBG66UM,-0.5475153835933431,190
YONBG99,1.2723766100046934,8
YOBG65TI,-0.09915960681851137,314
YOBG80P,1.618136523113508,14
GOMOMONE,1.5099324345583207,28
YOBGAS,-0.29853338140969754,2
YONBG95,0.04894403165761787,10
YOBGABM-YOBGABC,-3.055333763768431e-13,2
YOBG66F,0.028683455945191838,2
GOGT5,2.6671509993501332,22
YONBG98,0.13460624709638047,8
YOBGXB63,0.1745473120912706,2
