Code,Correction value,Number
YOBG66UM,-0.41481410890697346,266
YONBG99,1.1473398311466116,8
YOBG65TI,-0.0817301303768452,446
YOBG80P,1.3807407684780892,14
GOMOMONE,1.478231303902765,28
YOBGAS,-0.3614732821417874,2
YONBG95,0.42454116768325834,26
YOBGABM-YOBGABC,0.29406697847639407,2
YOBG66F,-0.09144415010797502,2
GOGT5,2.4911224764243527,22
YONBG98,-0.016543605658928585,10
YOBGXB63,1.0005241976639354,8
YONBG95-YOBG65TI,1.7644018708594515,2
