Code,Correction value,Number
YOBG66UM,-0.7975215631414335,108
YONBG99,1.0689484937550162,8
YOBG65TI,-0.12487117902878284,214
YOBG80P,1.5583135787891658,14
GOMOMONE,1.3970971696110646,20
YOBGAS,-0.5976614708865,2
YONBG95,-0.008639467017964364,8
YOBGABM-YOBGABC,-1.0658141036401503e-13,2
YOBG66F,-0.11290636260058307,2
GOGT5,2.478419266024721,22
YONBG98,0.2516445394441315,6
