Code,Correction value,Number
YOBG66UM,-0.7009772011641121,142
YONBG99,1.1030448979423415,8
YOBG65TI,-0.1222058052838801,248
YOBG80P,1.6488048834176243,14
GOMOMONE,1.4216105698532802,28
YOBGAS,-0.44994662414768527,2
YONBG95,0.0995943405041313,8
YOBGABM-YOBGABC,-1.7053025658242404e-13,2
YOBG66F,-0.03694547681340765,2
GOGT5,2.6120451585662137,22
YONBG98,0.08693743268547394,8
YOBGXB63,0.07480764814879848,2
