Code,Correction value,Number
YOBG66UM,-0.7295719803339373,134
YONBG99,1.1004342701530234,8
YOBG65TI,-0.12297649489732276,244
YOBG80P,1.6288188610970604,14
GOMOMONE,1.4068268223995826,28
YOBGAS,-0.5027678448801254,2
YONBG95,0.0816598108543527,8
YOBGABM-YOBGABC,-1.7053025658242404e-13,2
YOBG66F,-0.06702663894279226,2
GOGT5,2.5767199848322675,22
YONBG98,0.06330044211175334,8
YOBGXB63,0.03144407672844096,2
