Code,Correction value,Number
YOBG66UM,-0.8930693452554944,88
YONBG99,1.09926897218722,8
YOBG65TI,-0.1247814964608581,182
YOBG80P,1.43510131432733,12
GOMOMONE,1.514407330651622,16
YOBGAS,-0.6856251489617549,2
YONBG95,-0.1726573118755065,6
YOBGABM-YOBGABC,-9.947598300641403e-14,2
YOBG66F,-0.06661882357502691,2
GOGT5,2.3843507890165325,22
YONBG98,0.569582178227158,2
