Code,Correction value,Number
YOBG66UM,-0.7437716965310428,130
YONBG99,1.105118763879732,8
YOBG65TI,-0.125702155683995,238
YOBG80P,1.627271454197654,14
GOMOMONE,1.3773553751790628,28
YOBGAS,-0.5255860631347886,2
YONBG95,0.08710472265417302,8
YOBGABM-YOBGABC,-1.4921397450962104e-13,2
YOBG66F,-0.08364783842458934,2
GOGT5,2.5697479186446697,22
YONBG98,0.04709127023419768,8
YOBGXB63,0.014589138389695222,2
