Code,Correction value,Number
YOBG66UM,-0.9724062374078731,70
YONBG99,1.2009351031284083,8
YOBG65TI,-0.15039867118514091,150
YOBG80P,1.4742327140786482,12
GOMOMONE,1.50387948890968,14
YOBGAS,-0.7328114138388315,2
YONBG95,-0.3512563608461008,4
YOBGABM-YOBGABC,-1.4210854715202004e-14,2
YOBG66F,-0.06322558368749043,2
GOGT5,2.263637524802457,20
