Code,Correction value
YOBG66UM,-0.5317139510578206
YONBG99,1.1417975798688236
YOBG65TI,-0.17773093346328356
YOBG80P,1.5343846639160728
GOMOMONE,1.6611053143558792
YOBGAS,0.20676909859777481
YONBG95,-0.5141431854842224
YOBG66F,0.4877735449604259
GOGT5,2.2038917448834474
