Code,Correction value,Number
YOBG66UM,-0.4799119134981995,234
YONBG99,1.222700134806658,8
YOBG65TI,-0.0749872007163174,386
YOBG80P,1.5190020659812282,14
GOMOMONE,1.5084989034774037,28
YOBGAS,-0.36875590218708965,2
YONBG95,0.17809769824753927,18
YOBGABM-YOBGABC,-3.765876499528531e-13,2
YOBG66F,-0.033669188636480385,2
GOGT5,2.570681519509247,22
YONBG98,0.059854924880798424,10
YOBGXB63,1.0505496088021147,8
