Code,Correction value,Number
YOBG66UM,-0.9488938098827532,70
YONBG99,1.1869854434633105,8
YOBG65TI,-0.14542698456753878,150
YOBG80P,1.467062222385432,12
GOMOMONE,1.5325425057852762,12
YOBGAS,-0.6771889164290741,2
YONBG95,-0.34597232324438565,4
YOBGABM-YOBGABC,-3.552713678800501e-14,2
YOBG66F,-0.026017390149938535,2
GOGT5,2.276788799865012,20
