Code,Correction value,Number
YOBG66UM,-0.6406855003740396,158
YONBG99,1.256007782747858,8
YOBG65TI,-0.12350445338994637,256
YOBG80P,1.6679542902366893,14
GOMOMONE,1.4341758333614345,28
YOBGAS,-0.4264220830764316,2
YONBG95,0.1195364944453754,8
YOBGABM-YOBGABC,-2.2737367544323206e-13,2
YOBG66F,-0.018057445741995082,2
GOGT5,2.6451645395268257,22
YONBG98,0.10425852832151428,8
YOBGXB63,0.09704123665286346,2
