Code,Correction value,Number
YOBG66UM,-0.65409973635237,154
YONBG99,1.09824752840556,8
YOBG65TI,-0.12145131504720644,250
YOBG80P,1.6513325472956168,14
GOMOMONE,1.4466150871817238,28
YOBGAS,-0.41635197277228997,2
YONBG95,0.09522254284495979,8
YOBGABM-YOBGABC,-2.3447910280083306e-13,2
YOBG66F,-0.017394423750083376,2
GOGT5,2.6255165309327153,22
YONBG98,0.10368556323080469,8
YOBGXB63,0.09959704670545477,2
