Code,Correction value,Number
YOBG66UM,-0.4416692880397105,250
YONBG99,1.2307555957177954,8
YOBG65TI,-0.07271157032500966,394
YOBG80P,1.5132279294175979,14
GOMOMONE,1.46200148104027,28
YOBGAS,-0.40130168845439584,2
YONBG95,0.17122232726671804,18
YOBGABM-YOBGABC,-4.121147867408581e-13,2
YOBG66F,-0.05993645474581655,2
GOGT5,2.5594401720058113,22
YONBG98,0.03633223552600669,10
YOBGXB63,1.033483965896199,8
