Code,Correction value,Number
YOBG66UM,-0.9049828329267119,86
YONBG99,1.2188486817904458,8
YOBG65TI,-0.13841088938905105,170
YOBG80P,1.4520456861038333,12
GOMOMONE,1.5095983348978415,16
YOBGAS,-0.7218527249065403,2
YONBG95,-0.14816423724959785,6
YOBGABM-YOBGABC,-5.684341886080802e-14,2
YOBG66F,-0.07460021554299345,2
GOGT5,2.386879776649334,22
