Code,Correction value
YOBG66UM,-0.5741411690966991
YONBG99,1.1987586933726533
YOBG65TI,-0.1781189112182834
YOBG80P,1.5885909134880254
GOMOMONE,1.7017900433778212
YOBGAS,0.0510528893236426
YONBG95,-0.458161335888299
YOBG66F,0.37306253513411747
GOGT5,2.211185439428045
