Code,Correction value,Number
YOBG66UM,-0.9443300833834519,82
YONBG99,1.19323577227434,8
YOBG65TI,-0.14301410049475122,164
YOBG80P,1.4541023361387957,12
GOMOMONE,1.5110638948972381,16
YOBGAS,-0.7469460320485837,2
YONBG95,-0.1421773742845905,6
YOBGABM-YOBGABC,-2.842170943040401e-14,2
YOBG66F,-0.08184446959034375,2
GOGT5,2.3739949107885425,22
