Code,Correction value
YOBG66UM,-0.5319389383964709
YONBG99,1.142954391785688
YOBG65TI,-0.17479373557993655
YOBG80P,1.5360447378668773
GOMOMONE,1.664634753615502
YOBGAS,0.2041641916520831
YONBG95,-0.5112614399745823
YOBG66F,0.48931944187350496
GOGT5,2.202537053352399
