Code,Correction value,Number
YOBG66UM,-0.8235868503486258,98
YONBG99,1.131292169411477,8
YOBG65TI,-0.13934369601342364,192
YOBG80P,1.5436328150331562,14
GOMOMONE,1.4493731535167937,18
YOBGAS,-0.8059662802891197,2
YONBG95,-0.019537493433235298,8
YOBGABM-YOBGABC,-6.394884621840902e-14,2
YOBG66F,-0.17458732122003795,2
GOGT5,2.3640100584367136,22
YONBG98,0.412386652273959,2
