Code,Correction value,Number
YOBG66UM,-0.4611776510662569,242
YONBG99,1.2235266033748502,8
YOBG65TI,-0.07438325204747886,388
YOBG80P,1.5147555745681751,14
GOMOMONE,1.4988373296245274,28
YOBGAS,-0.3837332461194052,2
YONBG95,0.1750343300190388,18
YOBGABM-YOBGABC,-4.192202140984591e-13,2
YOBG66F,-0.04315523869118465,2
GOGT5,2.5624913326997985,22
YONBG98,0.051825149825941705,10
YOBGXB63,1.0391944329170162,8
