Code,Correction value
YOBG66UM,-0.8614950973614534
YONBG99,1.1843948074280615
YOBG65TI,-0.16822016001178813
YOBG80P,1.5100475437646554
GOMOMONE,1.5350146630345887
YOBGAS,-0.52571599416504
YONBG95,-0.3465715822042412
YOBG66F,0.04056429028977959
GOGT5,2.299435763604569
