Code,Correction value,Number
YOBG66UM,-0.8805391088146082,88
YONBG99,1.2164194131864612,8
YOBG65TI,-0.13306151830409021,176
YOBG80P,1.4508186112665697,12
GOMOMONE,1.4837964630990665,16
YOBGAS,-0.7233851996346203,2
YONBG95,-0.14952417194389275,6
YOBGABM-YOBGABC,-3.552713678800501e-14,2
YOBG66F,-0.08393654398960848,2
GOGT5,2.3880061484468977,22
