Code,Correction value,Number
YOBG66UM,-0.9491302188117755,70
YONBG99,1.1810342251104782,8
YOBG65TI,-0.15075157497355818,144
YOBG80P,1.458327176054836,12
GOMOMONE,1.5428938682265365,12
YOBGAS,-0.6694949034139341,2
YONBG95,-0.35140157541077244,4
YOBGABM-YOBGABC,-2.1316282072803006e-14,2
YOBG66F,-0.023102776746021902,2
GOGT5,2.273760872135996,20
