Code,Correction value,Number
YOBG66UM,-0.5342036056818353,194
YONBG99,1.2622434788082693,8
YOBG65TI,-0.09626159320556997,320
YOBG80P,1.6018602847072896,14
GOMOMONE,1.5139950957921653,28
YOBGAS,-0.30054677022400966,2
YONBG95,0.029904945791034265,10
YOBGABM-YOBGABC,-3.339550858072471e-13,2
YOBG66F,0.0229551133921575,2
GOGT5,2.6550924974061134,22
YONBG98,0.12879577739256654,8
YOBGXB63,0.1685437614940284,2
