Code,Correction value,Number
YOBG66UM,-0.4315507625445432,254
YONBG99,1.1715680333908551,8
YOBG65TI,-0.06354767836599808,416
YOBG80P,1.4315408994460992,14
GOMOMONE,1.501130784859251,28
YOBGAS,-0.3506725601527876,2
YONBG95,0.0829959460368662,18
YOBGABM-YOBGABC,-3.481659405224491e-13,2
YOBG66F,-0.06227871408319885,2
GOGT5,2.524759759006692,22
YONBG98,0.017798177610696086,10
YOBGXB63,1.0266535120513485,8
