Code,Correction value,Number
YOBG66UM,-0.5236239173967051,198
YONBG99,1.2608407714813108,8
YOBG65TI,-0.09605320647301002,330
YOBG80P,1.5956092890366125,14
GOMOMONE,1.5091373349677266,28
YOBGAS,-0.29785560700078406,2
YONBG95,0.1284199098810781,12
YOBGABM-YOBGABC,-3.410605131648481e-13,2
YOBG66F,0.020219677050519635,2
GOGT5,2.653351429489408,22
YONBG98,0.12464322060587563,8
YOBGXB63,0.16867395533757445,2
