Code,Correction value
YOBG66UM,-0.6886295634501834
YONBG99,1.1911634745207866
YOBG65TI,-0.17472436942497604
YOBG80P,1.5182693024277292
GOMOMONE,1.6553132228132004
YOBGAS,-0.13730133428873614
YONBG95,-0.5035580710111418
YOBG66F,0.2747187478728961
GOGT5,2.1676485506223484
