Code,Correction value,Number
YOBG66UM,-0.8813614846164541,88
YONBG99,1.2218500279197357,8
YOBG65TI,-0.13854675282012682,170
YOBG80P,1.453125847496891,12
GOMOMONE,1.4981339733808108,16
YOBGAS,-0.7337427856697616,2
YONBG95,-0.14529489023648287,6
YOBGABM-YOBGABC,-2.842170943040401e-14,2
YOBG66F,-0.08195850215439293,2
GOGT5,2.3833398443326277,22
