Code,Correction value
YOBG66UM,-0.5318619444662763
YONBG99,1.142484890049042
YOBG65TI,-0.16564456405463837
YOBG80P,1.5353749880291379
GOMOMONE,1.6635047767171567
YOBGAS,0.20516827306855134
YONBG95,-0.5123564218285424
YOBG66F,0.48884623994695886
GOGT5,2.2029603798184545
