Code,Correction value,Number
YOBG66UM,-0.8931616136145017,88
YONBG99,1.0996350732708038,8
YOBG65TI,-0.12767166410532782,178
YOBG80P,1.435603145134093,12
GOMOMONE,1.5155464489970116,16
YOBGAS,-0.6867734807674495,2
YONBG95,-0.17191175239685444,6
YOBGABM-YOBGABC,-7.815970093361102e-14,2
YOBG66F,-0.06646295564402038,2
GOGT5,2.3839983442107435,22
YONBG98,0.5703482558261328,2
