Code,Correction value,Number
YOBG66UM,-0.5711323363567553,182
YONBG99,1.276467374626737,8
YOBG65TI,-0.10138729229110738,308
YOBG80P,1.6224977895424593,14
GOMOMONE,1.5048076056558695,28
YOBGAS,-0.30378194972398376,2
YONBG95,0.054978726560160854,10
YOBGABM-YOBGABC,-2.913225216616411e-13,2
YOBG66F,0.02708806229156835,2
GOGT5,2.668320278614751,22
YONBG98,0.13357327445147682,8
YOBGXB63,0.17200920879155035,2
