Code,Correction value,Number
YOBG66UM,-0.4110273599679824,266
YONBG99,1.1732162017641379,8
YOBG65TI,-0.07744907377218754,446
YOBG80P,1.3432515146942896,14
GOMOMONE,1.4585587030218652,28
YOBGAS,-0.38896672006356425,2
YONBG95,0.42079354459601875,26
YOBGABM-YOBGABC,0.13722419448923517,2
YOBG66F,-0.09366687627792203,2
GOGT5,2.5030397878380914,22
YONBG98,-0.011167650148954067,10
YOBGXB63,0.9991209535787622,8
YONBG95-YOBG65TI,0.8233451669365195,2
