Code,Correction value
YOBG66UM,-0.6707141363760352
YONBG99,1.18649957668325
YOBG65TI,-0.17428112042196583
YOBG80P,1.5166082607990223
GOMOMONE,1.6740914644492264
YOBGAS,-0.11512187663140594
YONBG95,-0.5067161902822548
YOBG66F,0.2886162784275115
GOGT5,2.17318647834457
