Code,Correction value,Number
YOBG66UM,-0.6406998106572074,158
YONBG99,1.1228312317910358,8
YOBG65TI,-0.11895171061425014,256
YOBG80P,1.6507431408345536,14
GOMOMONE,1.446738753248717,28
YOBGAS,-0.3924725987370863,2
YONBG95,0.09227373892611546,8
YOBGABM-YOBGABC,-2.3447910280083306e-13,2
YOBG66F,-0.009209264300025666,2
GOGT5,2.6387170386493826,22
YONBG98,0.10762036766186789,8
YOBGXB63,0.11645255354731887,2
