Code,Correction value,Number
YOBG66UM,-0.5531222143170151,188
YONBG99,1.272716202521039,8
YOBG65TI,-0.09981638669381009,312
YOBG80P,1.61815562840399,14
GOMOMONE,1.50962261606834,28
YOBGAS,-0.3005416953891711,2
YONBG95,0.04924160420478927,10
YOBGABM-YOBGABC,-3.126388037344441e-13,2
YOBG66F,0.027901936332000332,2
GOGT5,2.6662643614670505,22
YONBG98,0.13414445745203096,8
YOBGXB63,0.1731195681613542,2
