Code,Correction value,Number
YOBG66UM,-0.5241044323322345,218
YONBG99,1.2334610303924762,8
YOBG65TI,-0.07843294029144153,376
YOBG80P,1.546725303347813,14
GOMOMONE,1.5161399463340335,28
YOBGAS,-0.3332132698213002,2
YONBG95,0.20138030560643155,18
YOBGABM-YOBGABC,-3.907985046680551e-13,2
YOBG66F,-0.008680586968090154,2
GOGT5,2.603982672019518,22
YONBG98,0.08299779505276064,10
YOBGXB63,1.0891420360100597,8
