Code,Correction value,Number
YOBG66UM,-0.7289582657946428,134
YONBG99,1.0994777256006696,8
YOBG65TI,-0.12364842970661506,242
YOBG80P,1.6266204590206368,14
GOMOMONE,1.4014763029584156,28
YOBGAS,-0.4976302285945806,2
YONBG95,0.07936316858009107,8
YOBGABM-YOBGABC,-1.5631940186722204e-13,2
YOBG66F,-0.06751223098264347,2
GOGT5,2.5786754111603405,22
YONBG98,0.06113585723020876,8
YOBGXB63,0.034458279316289975,2
