Code,Correction value,Number
YOBG66UM,-0.5195021280068318,200
YONBG99,1.2613084885060672,8
YOBG65TI,-0.09342066417800907,340
YOBG80P,1.5982288065080306,14
GOMOMONE,1.5128953879061287,28
YOBGAS,-0.29383710178930755,2
YONBG95,0.1308634221523839,12
YOBGABM-YOBGABC,-3.339550858072471e-13,2
YOBG66F,0.02364024308627677,2
GOGT5,2.656296668431205,22
YONBG98,0.12795276132971445,8
YOBGXB63,0.17229660829655558,2
