Code,Correction value,Number
YOBG66UM,-0.6935339362602622,144
YONBG99,1.1025912151197925,8
YOBG65TI,-0.12233409418882092,248
YOBG80P,1.6509655781997086,14
GOMOMONE,1.4261124804712269,28
YOBGAS,-0.4399139477014131,2
YONBG95,0.10061380291224609,8
YOBGABM-YOBGABC,-1.9184653865522705e-13,2
YOBG66F,-0.03138596526338944,2
GOGT5,2.6174447004125385,22
YONBG98,0.09138344613845639,8
YOBGXB63,0.08259166785753536,2
