Code,Correction value,Number
YOBG66UM,-0.43282416246070565,254
YONBG99,1.1684034966330223,8
YOBG65TI,-0.06705140247453588,426
YOBG80P,1.4238327160804312,14
GOMOMONE,1.4874825763701185,28
YOBGAS,-0.341519050815549,2
YONBG95,0.2208536788826443,20
YOBGABM-YOBGABC,-2.8421709430404007e-13,2
YOBG66F,-0.06569414063994117,2
GOGT5,2.5265304749204565,22
YONBG98,0.011622677524228209,10
YOBGXB63,1.033536520518819,8
