Code,Correction value,Number
YOBG66UM,-0.7581940826508604,126
YONBG99,1.1052529674624516,8
YOBG65TI,-0.12962671178339108,230
YOBG80P,1.617175831761828,14
GOMOMONE,1.3702581466695223,28
YOBGAS,-0.56752838213216,2
YONBG95,0.07936933045135319,8
YOBGABM-YOBGABC,-1.4921397450962104e-13,2
YOBG66F,-0.10409299025226915,2
GOGT5,2.5445615220788707,22
YONBG98,0.03265014235888586,8
YOBGXB63,-0.01819094521199105,2
