Code,Correction value,Number
YOBG66UM,-0.9224558078168303,88
YONBG99,1.1237172461960565,8
YOBG65TI,-0.12744912728060265,188
YOBG80P,1.4619987411977309,12
GOMOMONE,1.5326591971905472,18
YOBGAS,-0.7398520291328765,2
YONBG95,-0.13523690747062744,6
YOBGABM-YOBGABC,-7.815970093361102e-14,2
YOBG66F,-0.12268820716967355,2
GOGT5,2.3909628837068406,22
YONBG98,0.47513853956057517,2
