Code,Correction value,Number
YOBG66UM,-0.8923880305936494,88
YONBG99,1.0997299055610839,8
YOBG65TI,-0.12324890872089063,184
YOBG80P,1.4366910193669906,12
GOMOMONE,1.5014210051372023,16
YOBGAS,-0.6811013606663323,2
YONBG95,-0.1715978569612299,6
YOBGABM-YOBGABC,-7.815970093361102e-14,2
YOBG66F,-0.06879385240078051,2
GOGT5,2.3887678162787704,22
YONBG98,0.5617819737737548,2
