Code,Correction value,Number
YOBG66UM,-0.6626446645057319,152
YONBG99,1.0982857510431572,8
YOBG65TI,-0.12144971073806284,250
YOBG80P,1.6513135083922512,14
GOMOMONE,1.446420709857774,28
YOBGAS,-0.416619701666221,2
YONBG95,0.09525790357573882,8
YOBGABM-YOBGABC,-2.2737367544323206e-13,2
YOBG66F,-0.01754848305375134,2
GOGT5,2.6254090559443695,22
YONBG98,0.10355449281916407,8
YOBGXB63,0.09939982746803366,2
