Code,Correction value
YOBG66UM,-0.8618220010426446
YONBG99,1.1848463865392347
YOBG65TI,-0.16588041352349678
YOBG80P,1.5104770000706556
GOMOMONE,1.5393583917085454
YOBGAS,-0.5275958646755896
YONBG95,-0.3440156915108439
YOBG66F,0.04146871605309599
GOGT5,2.2982269953520147
