Code,Correction value,Number
YOBG66UM,-0.7439503406164225,130
YONBG99,1.1055768773030117,8
YOBG65TI,-0.12477913661954539,240
YOBG80P,1.6281999400064922,14
GOMOMONE,1.3787124801767827,28
YOBGAS,-0.5273141779073782,2
YONBG95,0.08819779199678557,8
YOBGABM-YOBGABC,-1.3500311979441904e-13,2
YOBG66F,-0.08353401625803514,2
GOGT5,2.5692825359633455,22
YONBG98,0.047727399589019726,8
YOBGXB63,0.01362625487561786,2
