Code,Correction value,Number
YOBG66UM,-0.8953758586817756,92
YONBG99,1.1223851895150307,8
YOBG65TI,-0.1395188564640446,192
YOBG80P,1.5501147303627394,14
GOMOMONE,1.4956795678813037,18
YOBGAS,-0.7400200210626764,2
YONBG95,-0.02579295241786994,8
YOBGABM-YOBGABC,-8.526512829121202e-14,2
YOBG66F,-0.13622770825699604,2
GOGT5,2.3917354091818863,22
YONBG98,0.4499697763596444,2
