Code,Correction value,Number
YOBG66UM,-0.7797383618073749,120
YONBG99,1.1035589585320444,8
YOBG65TI,-0.13249120296299943,222
YOBG80P,1.5954104407398861,14
GOMOMONE,1.3470532769531656,28
YOBGAS,-0.628966630606854,2
YONBG95,0.06148066127573237,8
YOBGABM-YOBGABC,-1.2789769243681803e-13,2
YOBG66F,-0.14016243234624426,2
GOGT5,2.5054022533034295,22
YONBG98,0.0034380180436830443,8
