Code,Correction value,Number
YOBG66UM,-0.43721206304590104,252
YONBG99,1.2159104996674728,8
YOBG65TI,-0.068772152823916,406
YOBG80P,1.4914206900592208,14
GOMOMONE,1.4619312830092686,28
YOBGAS,-0.3804933707903757,2
YONBG95,0.14475109846273268,18
YOBGABM-YOBGABC,-3.623767952376511e-13,2
YOBG66F,-0.06087249007372719,2
GOGT5,2.5554486863853154,22
YONBG98,0.02962045601988166,10
YOBGXB63,1.0398525800117504,8
