Code,Correction value,Number
YOBG66UM,-0.5195377137341911,200
YONBG99,1.2612734270245198,8
YOBG65TI,-0.09398615983773108,338
YOBG80P,1.5982468610461515,14
GOMOMONE,1.5134037984262814,28
YOBGAS,-0.2940889083115579,2
YONBG95,0.13093834656635886,12
YOBGABM-YOBGABC,-3.552713678800501e-13,2
YOBG66F,0.023697392754733926,2
GOGT5,2.656102480340074,22
YONBG98,0.12811668910316243,8
YOBGXB63,0.17212486850396402,2
