Code,Correction value,Number
YOBG66UM,-0.4003054464464611,274
YONBG99,1.164352963184001,8
YOBG65TI,-0.07536670086319007,454
YOBG80P,1.33467028920578,14
GOMOMONE,1.4700582811373093,28
YOBGAS,-0.3708971588548735,2
YONBG95,0.4111712866657435,26
YOBGABM-YOBGABC,0.1358770548629522,2
YOBG66F,-0.08742669524976066,2
GOGT5,2.5042060258515857,22
YONBG98,-0.008327673284593117,10
YOBGXB63,1.0066243178470629,8
YONBG95-YOBG65TI,0.815262329178708,2
